pais,jugador,posicion_listado
México,Raúl Rangel,ARQUEROS
México,Carlos Acevedo,ARQUEROS
México,Guillermo Ochoa,ARQUEROS
México,Israel Reyes,DEFENSORES
México,Jorge Sánchez,DEFENSORES
México,César Montes,DEFENSORES
México,Edson Álvarez,DEFENSORES
México,Johan Vásquez,DEFENSORES
México,Jesús Gallardo,DEFENSORES
México,Mateo Chávez,DEFENSORES
México,Erik Lira,VOLANTES
México,Obed Vargas,VOLANTES
México,Luis Romo,VOLANTES
México,Álvaro Fidalgo,VOLANTES
México,Luis Chávez,VOLANTES
México,Orbelín Pineda,VOLANTES
México,Brian Gutiérrez,VOLANTES
México,Gilberto Mora,VOLANTES
México,Raúl Jiménez,DELANTEROS
México,Santiago Giménez,DELANTEROS
México,Guillermo Martínez,DELANTEROS
México,Armando González,DELANTEROS
México,Julián Quiñones,DELANTEROS
México,Alexis Vega,DELANTEROS
México,Roberto Alvarado,DELANTEROS
México,César Huerta,DELANTEROS
Corea Del Sur,Jo Hyeon-woo,ARQUEROS
Corea Del Sur,Kim Seung-gyu,ARQUEROS
Corea Del Sur,Song Bum-keun,ARQUEROS
Corea Del Sur,Kim Min-jae,DEFENSORES
Corea Del Sur,Cho Wi-je,DEFENSORES
Corea Del Sur,Lee Han-beom,DEFENSORES
Corea Del Sur,Kim Tae-hyeon,DEFENSORES
Corea Del Sur,Park Jin-seob,DEFENSORES
Corea Del Sur,Lee Gi-hyuk,DEFENSORES
Corea Del Sur,Lee Tae-seok,DEFENSORES
Corea Del Sur,Seol Young-woo,DEFENSORES
Corea Del Sur,Jens Castrop,DEFENSORES
Corea Del Sur,Kim Moon-hwan,DEFENSORES
Corea Del Sur,Yang Hyun-jun,VOLANTES
Corea Del Sur,Paik Seung-ho,VOLANTES
Corea Del Sur,Hwang In-beom,VOLANTES
Corea Del Sur,Kim Jin-gyu,VOLANTES
Corea Del Sur,Bae Jun-ho,VOLANTES
Corea Del Sur,Eom Ji-sung,VOLANTES
Corea Del Sur,Hwang Hee-chan,VOLANTES
Corea Del Sur,Lee Dong-gyeong,VOLANTES
Corea Del Sur,Lee Jae-sung,VOLANTES
Corea Del Sur,Lee Kang-in,VOLANTES
Corea Del Sur,Oh Hyeon-gyu,DELANTEROS
Corea Del Sur,Son Heung-min,DELANTEROS
Corea Del Sur,Cho Gue-sung,DELANTEROS
República Checa,Lukas Hornicek,ARQUEROS
República Checa,Matej Kovar,ARQUEROS
República Checa,Jindrich Stanek,ARQUEROS
República Checa,Vladimir Coufal,DEFENSORES
República Checa,David Doudera,DEFENSORES
República Checa,Tomas Holes,DEFENSORES
República Checa,Robin Hranac,DEFENSORES
República Checa,Stepan Chaloupek,DEFENSORES
República Checa,David Jurásek,DEFENSORES
República Checa,Ladislav Krejci,DEFENSORES
República Checa,Jaroslav Zeleny,DEFENSORES
República Checa,David Zima,DEFENSORES
República Checa,Lukas Cerv,VOLANTES
República Checa,Vladimir Darida,VOLANTES
República Checa,Lukas Provod,VOLANTES
República Checa,Michal Sadilek,VOLANTES
República Checa,Hugo Sochurek,VOLANTES
República Checa,Alexandr Sojka,VOLANTES
República Checa,Tomas Soucek,VOLANTES
República Checa,Pavel Sulc,VOLANTES
República Checa,Denis Visinsky,VOLANTES
República Checa,Adam Hlozek,DELANTEROS
República Checa,Tomas Chory,DELANTEROS
República Checa,Mojmir Chytil,DELANTEROS
República Checa,Jan Kuchta,DELANTEROS
República Checa,Patrik Schick,DELANTEROS
Sudáfrica,Ronwen Williams,ARQUEROS
Sudáfrica,Ricardo Goss,ARQUEROS
Sudáfrica,Sipho Chaine,ARQUEROS
Sudáfrica,Khuliso Mudau,DEFENSORES
Sudáfrica,Olwethu Makhanya,DEFENSORES
Sudáfrica,Bradley Cross,DEFENSORES
Sudáfrica,Aubrey Modiba,DEFENSORES
Sudáfrica,Thabang Matuludi,DEFENSORES
Sudáfrica,Nkosinathi Sibisi,DEFENSORES
Sudáfrica,Ime Okon,DEFENSORES
Sudáfrica,Samukele Kabini,DEFENSORES
Sudáfrica,Mbekezeli Mbokazi,DEFENSORES
Sudáfrica,Kamogelo Sebelebele,DEFENSORES
Sudáfrica,Khulumani Ndamane,DEFENSORES
Sudáfrica,Teboho Mokoena,VOLANTES
Sudáfrica,Thalente Mbatha,VOLANTES
Sudáfrica,Jayden Adams,VOLANTES
Sudáfrica,Sphephelo Sithole,VOLANTES
Sudáfrica,Oswin Appollis,DELANTEROS
Sudáfrica,Tshepang Moremi,DELANTEROS
Sudáfrica,Evidence Makgopa,DELANTEROS
Sudáfrica,Lyle Foster,DELANTEROS
Sudáfrica,Iqraam Rayners,DELANTEROS
Sudáfrica,Relebohile Mofokeng,DELANTEROS
Sudáfrica,Themba Zwane,DELANTEROS
Sudáfrica,Thapelo Maseko,DELANTEROS
Canadá,Maxime Crépeau,ARQUEROS
Canadá,Dayne St. Clair,ARQUEROS
Canadá,Owen Goodman,ARQUEROS
Canadá,Alphonso Davies,DEFENSORES
Canadá,Moïse Bombito,DEFENSORES
Canadá,Alfie Jones,DEFENSORES
Canadá,Derek Cornelius,DEFENSORES
Canadá,Luc de Fougerolles,DEFENSORES
Canadá,Alistair Johnston,DEFENSORES
Canadá,Richie Laryea,DEFENSORES
Canadá,Niko Sigur,DEFENSORES
Canadá,Joel Waterman,DEFENSORES
Canadá,Mathieu Choinière,VOLANTES
Canadá,Stephen Eustáquio,VOLANTES
Canadá,Marcelo Flores,VOLANTES
Canadá,Ismaël Koné,VOLANTES
Canadá,Jonathan Osorio,VOLANTES
Canadá,Nathan Saliba,VOLANTES
Canadá,Ali Ahmed,VOLANTES
Canadá,Jonathan David,DELANTEROS
Canadá,Promise David,DELANTEROS
Canadá,Cyle Larin,DELANTEROS
Canadá,Tani Oluwaseyi,DELANTEROS
Canadá,Jacob Shaffelburg,DELANTEROS
Canadá,Liam Millar,DELANTEROS
Canadá,Tajon Buchanan,DELANTEROS
Suiza,Marvin Keller,ARQUEROS
Suiza,Gregor Kobel,ARQUEROS
Suiza,Yvon Mvogo,ARQUEROS
Suiza,Manuel Akanji,DEFENSORES
Suiza,Aurèle Amenda,DEFENSORES
Suiza,Eray Cömert,DEFENSORES
Suiza,Nico Elvedi,DEFENSORES
Suiza,Luca Jaquez,DEFENSORES
Suiza,Miro Muheim,DEFENSORES
Suiza,Ricardo Rodríguez,DEFENSORES
Suiza,Silvan Widmer,DEFENSORES
Suiza,Michel Aebischer,VOLANTES
Suiza,Remo Freuler,VOLANTES
Suiza,Ardon Jashari,VOLANTES
Suiza,Fabian Rieder,VOLANTES
Suiza,Djibril Sow,VOLANTES
Suiza,Granit Xhaka,VOLANTES
Suiza,Denis Zakaria,VOLANTES
Suiza,Zeki Amdouni,DELANTEROS
Suiza,Breel Embolo,DELANTEROS
Suiza,Dan Ndoye,DELANTEROS
Suiza,Noah Okafor,DELANTEROS
Suiza,Rubén Vargas,DELANTEROS
Suiza,Christian Fassnacht,DELANTEROS
Suiza,Cedric Itten,DELANTEROS
Suiza,Johan Manzambi,DELANTEROS
Qatar,Mahmud Abunada,ARQUEROS
Qatar,Meshaal Barsham,ARQUEROS
Qatar,Salah Zakaria,ARQUEROS
Qatar,Ayoub Al Alawi,DEFENSORES
Qatar,Boualem Khoukhi,DEFENSORES
Qatar,Homam El-Amin,DEFENSORES
Qatar,Lucas Mendes,DEFENSORES
Qatar,Issa Laye,DEFENSORES
Qatar,Pedro Miguel,DEFENSORES
Qatar,Sultan Al-Brake,DEFENSORES
Qatar,Al-Hashmi Al-Hussain,DEFENSORES
Qatar,Assim Madibo,VOLANTES
Qatar,Abdulaziz Hatem,VOLANTES
Qatar,Hamdy Fathy,VOLANTES
Qatar,Karim Boudiaf,VOLANTES
Qatar,Jassem Gaber,VOLANTES
Qatar,Mohamed Naceur Al-Mannai,VOLANTES
Qatar,Ahmed Al Ganehi,DELANTEROS
Qatar,Ahmed Alaaeldin,DELANTEROS
Qatar,Akram Afif,DELANTEROS
Qatar,Almoez Ali,DELANTEROS
Qatar,Edmilson Junior,DELANTEROS
Qatar,Hassan Al-Haidos,DELANTEROS
Qatar,Mohammed Muntari,DELANTEROS
Qatar,Mohamed Surag,DELANTEROS
Qatar,Yousef Abdulrazzaq,DELANTEROS
Bosnia,Nikola Vasilj,ARQUEROS
Bosnia,Martin Zlomislić,ARQUEROS
Bosnia,Osman Hadžikić,ARQUEROS
Bosnia,Sead Kolašinac,DEFENSORES
Bosnia,Amar Dedić,DEFENSORES
Bosnia,Nihad Mujakić,DEFENSORES
Bosnia,Nikola Katić,DEFENSORES
Bosnia,Tarik Muharemović,DEFENSORES
Bosnia,Stjepan Radeljić,DEFENSORES
Bosnia,Dennis Hadžikadunić,DEFENSORES
Bosnia,Nidal Čelik,DEFENSORES
Bosnia,Amir Hadžiahmetović,DEFENSORES
Bosnia,Ivan Šunjić,VOLANTES
Bosnia,Ivan Bašić,VOLANTES
Bosnia,Dženis Burnić,VOLANTES
Bosnia,Ermin Mahmić,VOLANTES
Bosnia,Benjamin Tahirović,VOLANTES
Bosnia,Amar Memić,VOLANTES
Bosnia,Armin Gigović,VOLANTES
Bosnia,Kerim Alajbegović,VOLANTES
Bosnia,Esmir Bajraktarević,VOLANTES
Bosnia,Ermedin Demirović,DELANTEROS
Bosnia,Jovo Lukić,DELANTEROS
Bosnia,Samed Baždar,DELANTEROS
Bosnia,Haris Tabaković,DELANTEROS
Bosnia,Edin Džeko,DELANTEROS
Brasil,Alisson,ARQUEROS
Brasil,Weverton,ARQUEROS
Brasil,Ederson,ARQUEROS
Brasil,Marquinhos,DEFENSORES
Brasil,Danilo Luiz,DEFENSORES
Brasil,Alex Sandro,DEFENSORES
Brasil,Roger Ibáñez,DEFENSORES
Brasil,Gabriel Magalhaes,DEFENSORES
Brasil,Bremer,DEFENSORES
Brasil,Wesley,DEFENSORES
Brasil,Douglas Santos,DEFENSORES
Brasil,Léo Pereira,DEFENSORES
Brasil,Casemiro,VOLANTES
Brasil,Lucas Paquetá,VOLANTES
Brasil,Bruno Guimaraes,VOLANTES
Brasil,Fabinho,VOLANTES
Brasil,Danilo Santos,VOLANTES
Brasil,Neymar Júnior,DELANTEROS
Brasil,Vinicius Junior,DELANTEROS
Brasil,Raphinha,DELANTEROS
Brasil,Gabriel Martinelli,DELANTEROS
Brasil,Matheus Cunha,DELANTEROS
Brasil,Endrick,DELANTEROS
Brasil,Luiz Henrique,DELANTEROS
Brasil,Rayan e Igor Thiago,DELANTEROS
Marruecos,Yassine Bounou,ARQUEROS
Marruecos,Munir El Kajoui,ARQUEROS
Marruecos,Ajmed Reda Tagnaouti,ARQUEROS
Marruecos,Achraf Hakimi,DEFENSORES
Marruecos,Nayef Aguerd,DEFENSORES
Marruecos,Noussair Mazraoui,DEFENSORES
Marruecos,Anass Salah-Eddine,DEFENSORES
Marruecos,Chadi Riad,DEFENSORES
Marruecos,Youssef Belammari,DEFENSORES
Marruecos,Issa Diop,DEFENSORES
Marruecos,Redouane Hahlal,DEFENSORES
Marruecos,Zakaria El Ouahdi,DEFENSORES
Marruecos,Sofyan Amrabat,VOLANTES
Marruecos,Ismael Saibari,VOLANTES
Marruecos,Neil El Aynaoui,VOLANTES
Marruecos,Bilal El Khannouss,VOLANTES
Marruecos,Azzedine Ounahi,VOLANTES
Marruecos,Ayyoub Bouaddi,VOLANTES
Marruecos,Samir El Mourabet,VOLANTES
Marruecos,Brahim Díaz,DELANTEROS
Marruecos,Chemsdine Talbi,DELANTEROS
Marruecos,Ayoub El Kaabi,DELANTEROS
Marruecos,Soufiane Rahimi,DELANTEROS
Marruecos,Abde Ezzalzouli,DELANTEROS
Marruecos,Ayoube Amaimouni,DELANTEROS
Marruecos,Yassine Gessime,DELANTEROS
Escocia,Craig Gordon,ARQUEROS
Escocia,Angus Gunn,ARQUEROS
Escocia,Liam Kelly,ARQUEROS
Escocia,Grant Hanley,DEFENSORES
Escocia,Jack Hendry,DEFENSORES
Escocia,Aaron Hickey,DEFENSORES
Escocia,Dominic Hyam,DEFENSORES
Escocia,Scott McKenna,DEFENSORES
Escocia,Nathan Patterson,DEFENSORES
Escocia,Anthony Ralston,DEFENSORES
Escocia,Andy Robertson,DEFENSORES
Escocia,John Souttar,DEFENSORES
Escocia,Kieran Tierney,DEFENSORES
Escocia,Ryan Christie,VOLANTES
Escocia,Findlay Curtis,VOLANTES
Escocia,Lewis Ferguson,VOLANTES
Escocia,Ben Gannon-Doak,VOLANTES
Escocia,Billy Gilmour,VOLANTES
Escocia,John McGinn,VOLANTES
Escocia,Kenny McLean,VOLANTES
Escocia,Scott McTominay,VOLANTES
Escocia,Che Adams,DELANTEROS
Escocia,Lyndon Dykes,DELANTEROS
Escocia,George Hirst,DELANTEROS
Escocia,Lawrence Shankland,DELANTEROS
Escocia,Ross Stewart,DELANTEROS
Haití,Johnny Placide,ARQUEROS
Haití,Alezandre Pierre,ARQUEROS
Haití,Josué Duverger,ARQUEROS
Haití,Carlens Arcus,DEFENSORES
Haití,Wilguens Pauguain,DEFENSORES
Haití,Duke Lacroix,DEFENSORES
Haití,Martin Experience,DEFENSORES
Haití,Jean-Kévin Duverne,DEFENSORES
Haití,Ricardo Adé,DEFENSORES
Haití,Hannes Delcroix,DEFENSORES
Haití,Keeto Thermoncy,DEFENSORES
Haití,Leverton Pierre,VOLANTES
Haití,Carls-Fred Sainthe,VOLANTES
Haití,Jean-Jaques Danley,VOLANTES
Haití,Jean-Ricner Bellegarde,VOLANTES
Haití,Pierre Woodenski,VOLANTES
Haití,Dominique Simon,VOLANTES
Haití,Louicius Don Deedson,DELANTEROS
Haití,Ruben Providence,DELANTEROS
Haití,Josué Casimir,DELANTEROS
Haití,Derrick Etienne,DELANTEROS
Haití,Wilson Isidor,DELANTEROS
Haití,Duckens Nazon,DELANTEROS
Haití,Frantzdy Pierrot,DELANTEROS
Haití,Yassin Fortune,DELANTEROS
Haití,Lenny Joseph,DELANTEROS
Estados Unidos,Chris Brady,ARQUEROS
Estados Unidos,Matt Freese,ARQUEROS
Estados Unidos,Matt Turner,ARQUEROS
Estados Unidos,Max Arfsten,DEFENSORES
Estados Unidos,Sergino Dest,DEFENSORES
Estados Unidos,Alex Freeman,DEFENSORES
Estados Unidos,Mark McKenzie,DEFENSORES
Estados Unidos,Tim Ream,DEFENSORES
Estados Unidos,Chris Richards,DEFENSORES
Estados Unidos,Antonee Robinson,DEFENSORES
Estados Unidos,Miles Robinson,DEFENSORES
Estados Unidos,Joe Scally,DEFENSORES
Estados Unidos,Auston Trusty,DEFENSORES
Estados Unidos,Brenden Aaronson,VOLANTES
Estados Unidos,Tyler Adams,VOLANTES
Estados Unidos,Sebastian Berhalter,VOLANTES
Estados Unidos,Weston McKennie,VOLANTES
Estados Unidos,Gio Reyna,VOLANTES
Estados Unidos,Cristian Roldan,VOLANTES
Estados Unidos,Malik Tillman,VOLANTES
Estados Unidos,Tim Weah,VOLANTES
Estados Unidos,Folarin Balogun,DELANTEROS
Estados Unidos,Ricardo Pepi,DELANTEROS
Estados Unidos,Christian Pulisic,DELANTEROS
Estados Unidos,Haji Wright,DELANTEROS
Estados Unidos,Alejandro Zendejas,DELANTEROS
Australia,Patrick Beach,ARQUEROS
Australia,Paul Izzo,ARQUEROS
Australia,Mathew Ryan,ARQUEROS
Australia,Aziz Behich,DEFENSORES
Australia,Jordon Bos,DEFENSORES
Australia,Cameron Burgess,DEFENSORES
Australia,Alessandro Circati,DEFENSORES
Australia,Milos Degenek,DEFENSORES
Australia,Jason Geria,DEFENSORES
Australia,Lucas Herrington,DEFENSORES
Australia,Jacob Italiano,DEFENSORES
Australia,Harry Souttar,DEFENSORES
Australia,Kai Trewin,DEFENSORES
Australia,Cameron Devlin,VOLANTES
Australia,Ajdin Hrustic,VOLANTES
Australia,Jackson Irvine,VOLANTES
Australia,Connor Metcalfe,VOLANTES
Australia,Paul Okon-Engstler,VOLANTES
Australia,Aiden O’Neill,VOLANTES
Australia,Nestory Irankunda,DELANTEROS
Australia,Mathew Leckie,DELANTEROS
Australia,Awer Mabil,DELANTEROS
Australia,Mohamed Toure,DELANTEROS
Australia,Nishan Velupillay,DELANTEROS
Australia,Cristian Volpato,DELANTEROS
Australia,Tete Yengi,DELANTEROS
Paraguay,Orlando Gill,ARQUEROS
Paraguay,Gastón Olveira,ARQUEROS
Paraguay,Roberto Jr. Fernández,ARQUEROS
Paraguay,Juan Cáceres,DEFENSORES
Paraguay,José Canale,DEFENSORES
Paraguay,Fabián Balbuena,DEFENSORES
Paraguay,Omar Alderete,DEFENSORES
Paraguay,Gustavo Gómez,DEFENSORES
Paraguay,Alexandro Maidana,DEFENSORES
Paraguay,Junior Alonso,DEFENSORES
Paraguay,Gustavo Velázquez,DEFENSORES
Paraguay,Braian Ojeda,VOLANTES
Paraguay,Damián Bobadilla,VOLANTES
Paraguay,Andrés Cubas,VOLANTES
Paraguay,Diego Gómez,VOLANTES
Paraguay,Miguel Almirón,VOLANTES
Paraguay,Kaku Romero Gamarra,VOLANTES
Paraguay,Mauricio Magalhães,VOLANTES
Paraguay,Matías Galarza,VOLANTES
Paraguay,Ramón Sosa,DELANTEROS
Paraguay,Gustavo Caballero,DELANTEROS
Paraguay,Gabriel Ávalos,DELANTEROS
Paraguay,Álex Arce,DELANTEROS
Paraguay,Isidro Pitta,DELANTEROS
Paraguay,Julio Enciso,DELANTEROS
Paraguay,Antonio Sanabria,DELANTEROS
Turquía,Ugurcan Cakir,ARQUEROS
Turquía,Altay Bayindir,ARQUEROS
Turquía,Mert Gunok,ARQUEROS
Turquía,Ferdi Kadioglu,DEFENSORES
Turquía,Merih Demiral,DEFENSORES
Turquía,Zeki Celik,DEFENSORES
Turquía,Ozan Kabak,DEFENSORES
Turquía,Mert Muldur,DEFENSORES
Turquía,Abdulkerim Bardakci,DEFENSORES
Turquía,Eren Elmali,DEFENSORES
Turquía,Caglar Soyuncu,DEFENSORES
Turquía,Samet Akaydin,DEFENSORES
Turquía,Arda Guler,VOLANTES
Turquía,Can Uzun,VOLANTES
Turquía,Orkun Kokcu,VOLANTES
Turquía,Hakan Calhanoglu,VOLANTES
Turquía,Ismail Yuksek,VOLANTES
Turquía,Kaan Ayhan,VOLANTES
Turquía,Salih Ozcan,VOLANTES
Turquía,Kenan Yildiz,DELANTEROS
Turquía,Baris Alper Yilmaz,DELANTEROS
Turquía,Kerem Akturkoglu,DELANTEROS
Turquía,Yunus Akgun,DELANTEROS
Turquía,Oguz Aydin,DELANTEROS
Turquía,Deniz Gul,DELANTEROS
Turquía,Irfan Can Kahveci,DELANTEROS
Alemania,Oliver Baumann,ARQUEROS
Alemania,Manuel Neuer,ARQUEROS
Alemania,Alexander Nübel,ARQUEROS
Alemania,Waldemar Anton,DEFENSORES
Alemania,Nathaniel Brown,DEFENSORES
Alemania,Joshua Kimmich,DEFENSORES
Alemania,David Raum,DEFENSORES
Alemania,Antonio Rüdiger,DEFENSORES
Alemania,Nico Schlotterbeck,DEFENSORES
Alemania,Jonathan Tah,DEFENSORES
Alemania,Malick Thiaw,DEFENSORES
Alemania,Pascal Grob,VOLANTES
Alemania,Felix Nmecha,VOLANTES
Alemania,Aleksandar Pavlović,VOLANTES
Alemania,Angelo Stiller,VOLANTES
Alemania,Nadiem Amiri,VOLANTES
Alemania,Leon Goretzka,VOLANTES
Alemania,Jamal Musiala,VOLANTES
Alemania,Florian Wirtz,VOLANTES
Alemania,Maximilian Beier,DELANTEROS
Alemania,Kai Havertz,DELANTEROS
Alemania,Lennart Karl,DELANTEROS
Alemania,Jamie Leweling,DELANTEROS
Alemania,Leroy Sané,DELANTEROS
Alemania,Deniz Undav,DELANTEROS
Alemania,Nick Woltemade,DELANTEROS
Costa De Marfil,Yahia Fofana,ARQUEROS
Costa De Marfil,Mohamed Koné,ARQUEROS
Costa De Marfil,Alban Lafont,ARQUEROS
Costa De Marfil,Emmanuel Agbadou,DEFENSORES
Costa De Marfil,Clément Akpa,DEFENSORES
Costa De Marfil,Ousmane Diomande,DEFENSORES
Costa De Marfil,Guela Doué,DEFENSORES
Costa De Marfil,Ghislain Konan,DEFENSORES
Costa De Marfil,Odilon Kossounou,DEFENSORES
Costa De Marfil,Evan N’Dicka,DEFENSORES
Costa De Marfil,Wilfried Singo,DEFENSORES
Costa De Marfil,Seko Fofana,VOLANTES
Costa De Marfil,Parfait Guiagon,VOLANTES
Costa De Marfil,Christ Inao Oulaï,VOLANTES
Costa De Marfil,Franck Kessié,VOLANTES
Costa De Marfil,Ibrahim Sangaré,VOLANTES
Costa De Marfil,Jean-Michaël Seri,VOLANTES
Costa De Marfil,Simon Adingra,DELANTEROS
Costa De Marfil,Ange-Yoan Bonny,DELANTEROS
Costa De Marfil,Amad Diallo,DELANTEROS
Costa De Marfil,Oumar Diakité,DELANTEROS
Costa De Marfil,Yan Diomande,DELANTEROS
Costa De Marfil,Evann Guessand,DELANTEROS
Costa De Marfil,Nicolas Pépé,DELANTEROS
Costa De Marfil,Bazoumana Touré,DELANTEROS
Costa De Marfil,Elye Wahi,DELANTEROS
Curazao,Eloy Room,ARQUEROS
Curazao,Tyrick Bodak,ARQUEROS
Curazao,Trevor Doornbusch,ARQUEROS
Curazao,Armando Obispo,DEFENSORES
Curazao,Joshua Brenet,DEFENSORES
Curazao,Riechedly Bazoer,DEFENSORES
Curazao,Sherel Floranus,DEFENSORES
Curazao,Shurandy Sambo,DEFENSORES
Curazao,Deveron Fonville,DEFENSORES
Curazao,Roshon Van Eijma,DEFENSORES
Curazao,Jurien Gaari,DEFENSORES
Curazao,Leandro Bacuna,VOLANTES
Curazao,Juninho Bacuna,VOLANTES
Curazao,Livano Comenencia,VOLANTES
Curazao,Tahith Chong,VOLANTES
Curazao,Ar’jany Martha,VOLANTES
Curazao,Tyrese Noslin,VOLANTES
Curazao,Kevin Felida,VOLANTES
Curazao,Godfried Roemeratore,VOLANTES
Curazao,Sontje Hansen,DELANTEROS
Curazao,Gervane Kastaneer,DELANTEROS
Curazao,Kenji Gorré,DELANTEROS
Curazao,Jürgen Locadia,DELANTEROS
Curazao,Jeremy Antonisse,DELANTEROS
Curazao,Jearl Margaritha,DELANTEROS
Curazao,Bradley Kuwas,DELANTEROS
Ecuador,Hernán Galíndez,ARQUEROS
Ecuador,Moisés Ramírez,ARQUEROS
Ecuador,Gonzalo Valle,ARQUEROS
Ecuador,Piero Hincapié,DEFENSORES
Ecuador,Willian Pacho,DEFENSORES
Ecuador,Pervis Estupiñán,DEFENSORES
Ecuador,Félix Torres,DEFENSORES
Ecuador,Joel Ordóñez,DEFENSORES
Ecuador,Jackson Porozo,DEFENSORES
Ecuador,Angelo Preciado,DEFENSORES
Ecuador,Moisés Caicedo,MEDIOCAMPISTAS
Ecuador,Alan Franco,MEDIOCAMPISTAS
Ecuador,Kendry Páez,MEDIOCAMPISTAS
Ecuador,Pedro Vite,MEDIOCAMPISTAS
Ecuador,Jordy Alcívar,MEDIOCAMPISTAS
Ecuador,Denil Castillo,MEDIOCAMPISTAS
Ecuador,Yaimar Medina,MEDIOCAMPISTAS
Ecuador,Enner Valencia,DELANTEROS
Ecuador,Gonzalo Plata,DELANTEROS
Ecuador,Alan Minda,DELANTEROS
Ecuador,John Yeboah,DELANTEROS
Ecuador,Kevin Rodríguez Jordy Caicedo,DELANTEROS
Ecuador,Nilson Angulo,DELANTEROS
Ecuador,Anthony Valencia,DELANTEROS
Ecuador,Jeremy Arévalo,DELANTEROS
Países Bajos,Mark Flekken,ARQUEROS
Países Bajos,Robin Roefs,ARQUEROS
Países Bajos,Bart Verbruggen,ARQUEROS
Países Bajos,Nathan Aké,DEFENSORES
Países Bajos,Denzel Dumfries,DEFENSORES
Países Bajos,Virgil van Dijk,DEFENSORES
Países Bajos,Jorrel Hato,DEFENSORES
Países Bajos,Jan Paul van Hecke,DEFENSORES
Países Bajos,Jurriën Timber,DEFENSORES
Países Bajos,Micky van de Ven,DEFENSORES
Países Bajos,Ryan Gravenberch,VOLANTES
Países Bajos,Frenkie de Jong,VOLANTES
Países Bajos,Justin Kluivert,VOLANTES
Países Bajos,Teun Koopmeiners,VOLANTES
Países Bajos,Tijjani Reijnders,VOLANTES
Países Bajos,Marten de Roon,VOLANTES
Países Bajos,Guus Til,VOLANTES
Países Bajos,Quinten Timber,VOLANTES
Países Bajos,Mats Wieffer,VOLANTES
Países Bajos,Brian Brobbey,DELANTEROS
Países Bajos,Memphis Depay,DELANTEROS
Países Bajos,Cody Gakpo,DELANTEROS
Países Bajos,Noa Lang,DELANTEROS
Países Bajos,Donyell Malen,DELANTEROS
Países Bajos,Crysencio Summerville,DELANTEROS
Países Bajos,Wout Weghorst,DELANTEROS
Japón,Tomoki Hayakawa,ARQUEROS
Japón,Keisuke Osako,ARQUEROS
Japón,Zion Suzuki,ARQUEROS
Japón,Yuto Nagatomo,DEFENSORES
Japón,Shogo Taniguchi,DEFENSORES
Japón,Ko Itakura,DEFENSORES
Japón,Tsuyoshi Watanbe,DEFENSORES
Japón,Takehiro Tomiyasu,DEFENSORES
Japón,Hikori Ito,DEFENSORES
Japón,Ayumu Seko,DEFENSORES
Japón,Yukinari Sugawara,DEFENSORES
Japón,Junnosuke Suzuki,DEFENSORES
Japón,Wataru Endo,VOLANTES
Japón,Ao Tanaka,VOLANTES
Japón,Kaishu Sano,VOLANTES
Japón,Junya Ito,VOLANTES
Japón,Daichi Kamada,VOLANTES
Japón,Koki Ogawa,DELANTEROS
Japón,Daizen Maeda,DELANTEROS
Japón,Ritsu Doan,DELANTEROS
Japón,Kaoru Ueda,DELANTEROS
Japón,Kaito Nakamura,DELANTEROS
Japón,Take Kubo,DELANTEROS
Japón,Iori Suzuki,DELANTEROS
Japón,Kento Shiogai,DELANTEROS
Japón,Keisuke Goto,DELANTEROS
Suecia,Viktor Johansson,ARQUEROS
Suecia,Kristoffer Nordfeldt,ARQUEROS
Suecia,Jacob Widell Zetterström,ARQUEROS
Suecia,Hjalmar Ekdal,DEFENSORES
Suecia,Gabriel Gudmundsson,DEFENSORES
Suecia,Isak Hien,DEFENSORES
Suecia,Emil Holm,DEFENSORES
Suecia,Gustaf Lagerbielke,DEFENSORES
Suecia,Victor Lindelöf,DEFENSORES
Suecia,Eric Smith,DEFENSORES
Suecia,Carl Starfelt,DEFENSORES
Suecia,Elliot Stroud,DEFENSORES
Suecia,Daniel Svensson,DEFENSORES
Suecia,Yasin Ayari,VOLANTES
Suecia,Lucas Bergvall,VOLANTES
Suecia,Jesper Karlström,VOLANTES
Suecia,Mattias Svanberg,VOLANTES
Suecia,Besfort Zeneli,VOLANTES
Suecia,Ken Sema,VOLANTES
Suecia,Taha Ali,DELANTEROS
Suecia,Alexander Bernhardsson,DELANTEROS
Suecia,Anthony Elanga,DELANTEROS
Suecia,Viktor Gyökeres,DELANTEROS
Suecia,Alexander Isak,DELANTEROS
Suecia,Gustaf Nilsson,DELANTEROS
Suecia,Benjamin Nygren,DELANTEROS
Túnez,Aymen Dahmen,ARQUEROS
Túnez,Abdelmouhib Chamakh,ARQUEROS
Túnez,Sabri Ben Hassen,ARQUEROS
Túnez,Yan Valery,DEFENSORES
Túnez,Moutaz Neffati,DEFENSORES
Túnez,Dylan Bronn,DEFENSORES
Túnez,Montassar Talbi,DEFENSORES
Túnez,Omar Rekik,DEFENSORES
Túnez,Adem Arous,DEFENSORES
Túnez,Raed Chikhaoui,DEFENSORES
Túnez,Ali Abdi,DEFENSORES
Túnez,Mohamed Amine Ben Hamida,DEFENSORES
Túnez,Ellyes Skhiri,VOLANTES
Túnez,Mohamed Belhadj Mahmoud,VOLANTES
Túnez,Rani Khedira,VOLANTES
Túnez,Anis Ben Slimane,VOLANTES
Túnez,Mortadha Ben Ouanes,VOLANTES
Túnez,Ismael Gharbi,VOLANTES
Túnez,Hannibal Mejbri,VOLANTES
Túnez,Khalil Ayari,DELANTEROS
Túnez,Elias Achouri,DELANTEROS
Túnez,Elias Saad,DELANTEROS
Túnez,Firas Chaouat,DELANTEROS
Túnez,Hazem Mastouri,DELANTEROS
Túnez,Rayan Elloumi,DELANTEROS
Túnez,Sebastian Tounekti,DELANTEROS
Bélgica,Thibaut Courtois,ARQUEROS
Bélgica,Senne Lammens,ARQUEROS
Bélgica,Mike Penders,ARQUEROS
Bélgica,Timothy Castagne,DEFENSORES
Bélgica,Zeno Debast,DEFENSORES
Bélgica,Maxim De Cuyper,DEFENSORES
Bélgica,Koni De Winter,DEFENSORES
Bélgica,Brandon Mechele,DEFENSORES
Bélgica,Thomas Meunier,DEFENSORES
Bélgica,Nathan Ngoy,DEFENSORES
Bélgica,Joaquin Seys,DEFENSORES
Bélgica,Arthur Theate,DEFENSORES
Bélgica,Kevin De Bruyne,VOLANTES
Bélgica,Amadou Onana,VOLANTES
Bélgica,Nicolas Raskin,VOLANTES
Bélgica,Youri Tielemans,VOLANTES
Bélgica,Hans Vanaken,VOLANTES
Bélgica,Axel Witsel,VOLANTES
Bélgica,Charles De Ketelaere,DELANTEROS
Bélgica,Jeremy Doku,DELANTEROS
Bélgica,Matías Fernandez-Pardo,DELANTEROS
Bélgica,Romelu Lukaku,DELANTEROS
Bélgica,Dodi Lukebakio,DELANTEROS
Bélgica,Diego Moreira,DELANTEROS
Bélgica,Alexis Saelemaekers,DELANTEROS
Bélgica,Leandro Trossard,DELANTEROS
Egipto,Oufa Shobeir,ARQUEROS
Egipto,Mohamed El Shenawy,ARQUEROS
Egipto,Mohamed Alaa,ARQUEROS
Egipto,El Mahdi Soliman,ARQUEROS
Egipto,Mohamed Abdelmonem,DEFENSORES
Egipto,Hossam Abdelmaguid,DEFENSORES
Egipto,Ramy Rabia,DEFENSORES
Egipto,Yasser Ibrahim,DEFENSORES
Egipto,Ahmed Fatouh,DEFENSORES
Egipto,Karim Hafez,DEFENSORES
Egipto,Mohamed Hany,DEFENSORES
Egipto,Tarek Alaa,DEFENSORES
Egipto,Marwan Ateya,VOLANTES
Egipto,Mohanad Lasheen,VOLANTES
Egipto,Hamdy Fathy,VOLANTES
Egipto,Nabil Dunga,VOLANTES
Egipto,Emam Ashour,VOLANTES
Egipto,Mahmoud Saber,VOLANTES
Egipto,Mohamed Salah,DELANTEROS
Egipto,Trezeguet,DELANTEROS
Egipto,Ibrahim Adel,DELANTEROS
Egipto,Mostafa Ziko,DELANTEROS
Egipto,Haissem Hassan,DELANTEROS
Egipto,Zizo,DELANTEROS
Egipto,Omar Marmoush,DELANTEROS
Egipto,Hamza Abdelkarim,DELANTEROS
Nueva Zelanda,Max Crocombe,ARQUEROS
Nueva Zelanda,Alex Paulsen,ARQUEROS
Nueva Zelanda,Michael Woud,ARQUEROS
Nueva Zelanda,Callan Elliot,DEFENSORES
Nueva Zelanda,Tim Payne,DEFENSORES
Nueva Zelanda,Tyler Bindon,DEFENSORES
Nueva Zelanda,Michael Boxall,DEFENSORES
Nueva Zelanda,Nando Pijnaker,DEFENSORES
Nueva Zelanda,Tommy Smith,DEFENSORES
Nueva Zelanda,Finn Surman,DEFENSORES
Nueva Zelanda,Liberato Cacace,DEFENSORES
Nueva Zelanda,Francis de Vries,DEFENSORES
Nueva Zelanda,Lachlan Bayliss,VOLANTES
Nueva Zelanda,Joe Bell,VOLANTES
Nueva Zelanda,Matt Garbett,VOLANTES
Nueva Zelanda,Eli Just,VOLANTES
Nueva Zelanda,Ben Old,VOLANTES
Nueva Zelanda,Alex Rufer,VOLANTES
Nueva Zelanda,Sarpreet Singh,VOLANTES
Nueva Zelanda,Marko Stamenić,VOLANTES
Nueva Zelanda,Ryan Thomas,VOLANTES
Nueva Zelanda,Kosta Barbarouses,DELANTEROS
Nueva Zelanda,Callum McCowatt,DELANTEROS
Nueva Zelanda,Jesse Randall,DELANTEROS
Nueva Zelanda,Ben Waine,DELANTEROS
Nueva Zelanda,Chris Wood,DELANTEROS
Irán,Alireza Beiranvand,ARQUEROS
Irán,Hossein Hosseini,ARQUEROS
Irán,Payam Niazmand,ARQUEROS
Irán,Danial Eiri,DEFENSORES
Irán,Ehsan Hajsafi,DEFENSORES
Irán,Saleh Hardani,DEFENSORES
Irán,Hossein Kanaani,DEFENSORES
Irán,Shoja Khalilzadeh,DEFENSORES
Irán,Milad Mohammadi,DEFENSORES
Irán,Ali Nemati,DEFENSORES
Irán,Ramin Rezaeian,DEFENSORES
Irán,Rouzbeh Cheshmi,VOLANTES
Irán,Saeid Ezatolahi,VOLANTES
Irán,Mehdi Ghayedi,VOLANTES
Irán,Saman Ghoddos,VOLANTES
Irán,Mohammad Ghorbani,VOLANTES
Irán,Alireza Jahanbakhsh,VOLANTES
Irán,Mohammad Mohebi,VOLANTES
Irán,Amir Mohammad Razzaghinia,VOLANTES
Irán,Mehdi Torabi,VOLANTES
Irán,Aria Yousefi,VOLANTES
Irán,Ali Alipour,DELANTEROS
Irán,Dennis Dargahi,DELANTEROS
Irán,Amirhossein Hosseinzadeh,DELANTEROS
Irán,Mehdi Taremi,DELANTEROS
Irán,Shahriar Moghanlou,DELANTEROS
España,Unai Simón,ARQUEROS
España,David Raya,ARQUEROS
España,Joan García,ARQUEROS
España,Marcos Llorente,DEFENSORES
España,Pedro Porro,DEFENSORES
España,Aymeric Laporte,DEFENSORES
España,Pau Cubarsí,DEFENSORES
España,Marc Pubill,DEFENSORES
España,Eric García,DEFENSORES
España,Marc Cucurella,DEFENSORES
España,Álex Grimaldo,DEFENSORES
España,Rodri,VOLANTES
España,Martín Zubimendi,VOLANTES
España,Pedri,VOLANTES
España,Fabián,VOLANTES
España,Dani Olmo,VOLANTES
España,Mikel Merino,VOLANTES
España,Gavi,VOLANTES
España,Álex Baena,VOLANTES
España,Lamine Yamal,DELANTEROS
España,Nico Williams,DELANTEROS
España,Víctor Muñoz,DELANTEROS
España,Mikel Oyarzabal,DELANTEROS
España,Ferran Torres,DELANTEROS
España,Borja Iglesias,DELANTEROS
España,Yéremy Pino,DELANTEROS
Cabo Verde,Vozinha,ARQUEROS
Cabo Verde,C. J. Dos Santos,ARQUEROS
Cabo Verde,Márcio Rosa,ARQUEROS
Cabo Verde,Roberto Lopes,DEFENSORES
Cabo Verde,Logan Costa,DEFENSORES
Cabo Verde,Joao Paulo,DEFENSORES
Cabo Verde,Diney Borges,DEFENSORES
Cabo Verde,Stopira,DEFENSORES
Cabo Verde,Steven Moreira,DEFENSORES
Cabo Verde,Wagner Pina,DEFENSORES
Cabo Verde,Sidny Lopes Cabral,DEFENSORES
Cabo Verde,Kelvin Pires,DEFENSORES
Cabo Verde,Kevin Pina Lenini,VOLANTES
Cabo Verde,Jamiro Monteiro,VOLANTES
Cabo Verde,Deroy Duarte,VOLANTES
Cabo Verde,Laros Duarte,VOLANTES
Cabo Verde,Telmo Arcanjo,VOLANTES
Cabo Verde,Yannick Semedo,VOLANTES
Cabo Verde,Ryan Mendes,DELANTEROS
Cabo Verde,Garry Rodrigues,DELANTEROS
Cabo Verde,Willy Semedo,DELANTEROS
Cabo Verde,Jovane Cabral,DELANTEROS
Cabo Verde,Benchimol,DELANTEROS
Cabo Verde,Hélio Varela,DELANTEROS
Cabo Verde,Nuno Da Costa,DELANTEROS
Cabo Verde,Dailon Livramento,DELANTEROS
Uruguay,Fernando Muslera,ARQUEROS
Uruguay,Sergio Rochet,ARQUEROS
Uruguay,Santiago Mele,ARQUEROS
Uruguay,Ronald Araujo,DEFENSORES
Uruguay,José María Giménez,DEFENSORES
Uruguay,Santiago Bueno,DEFENSORES
Uruguay,Sebastián Cáceres,DEFENSORES
Uruguay,Mathías Olivera,DEFENSORES
Uruguay,Guillermo Varela,DEFENSORES
Uruguay,Matías Viña,DEFENSORES
Uruguay,Joaquín Piquerez,DEFENSORES
Uruguay,Juan Manuel Sanabria,DEFENSORES
Uruguay,Federico Valverde,VOLANTES
Uruguay,Rodrigo Bentancur,VOLANTES
Uruguay,Manuel Ugarte,VOLANTES
Uruguay,Emiliano Martínez,VOLANTES
Uruguay,Rodrigo Zalazar,VOLANTES
Uruguay,Giorgian De Arrascaeta,VOLANTES
Uruguay,Nicolás De La Cruz,VOLANTES
Uruguay,Agustín Canobbio,VOLANTES
Uruguay,Maximiliano Araújo,VOLANTES
Uruguay,Brian Rodríguez,VOLANTES
Uruguay,Facundo Pellistri,VOLANTES
Uruguay,Darwin Núñez,DELANTEROS
Uruguay,Federico Viñas,DELANTEROS
Uruguay,Rodrigo Aguirre,DELANTEROS
Arabia Saudita,Mohammed Al-Owais,ARQUEROS
Arabia Saudita,Nawaf Al-Aqidi,ARQUEROS
Arabia Saudita,Ahmed Al-Kassar,ARQUEROS
Arabia Saudita,Saud Abdulhamid,DEFENSORES
Arabia Saudita,Jehad Thakri,DEFENSORES
Arabia Saudita,Abdulelah Al-Amri,DEFENSORES
Arabia Saudita,Hassan Al-Tambakti,DEFENSORES
Arabia Saudita,Ali Lajami,DEFENSORES
Arabia Saudita,Nawaf Boushal,DEFENSORES
Arabia Saudita,Ali Majrashi,DEFENSORES
Arabia Saudita,Mohammed Al-Shamat,DEFENSORES
Arabia Saudita,Hassan Kadesh,DEFENSORES
Arabia Saudita,Moteb Al-Harbi,DEFENSORES
Arabia Saudita,Ayman Yahya,DEFENSORES
Arabia Saudita,Mohamed Kanno,VOLANTES
Arabia Saudita,Nasser Al-Dawsari,VOLANTES
Arabia Saudita,Ziyad Al-Johani,VOLANTES
Arabia Saudita,Abdullah Al-Khaibari,VOLANTES
Arabia Saudita,Musab Al-Juwayr,VOLANTES
Arabia Saudita,Sultan Mandash,VOLANTES
Arabia Saudita,Alaa Al-Hajji,VOLANTES
Arabia Saudita,Salem Al-Dawsari,DELANTEROS
Arabia Saudita,Firas Al-Buraikan,DELANTEROS
Arabia Saudita,Saleh Al-Shehri,DELANTEROS
Arabia Saudita,Abdullah Al-Hamdan,DELANTEROS
Arabia Saudita,Khalid Al-Ghannam,DELANTEROS
Francia,Mike Maignan,ARQUEROS
Francia,Robin Risser,ARQUEROS
Francia,Brice Samba,ARQUEROS
Francia,Lucas Digne,DEFENSORES
Francia,Malo Gusto,DEFENSORES
Francia,Lucas Hernández,DEFENSORES
Francia,Theo Hernández,DEFENSORES
Francia,Ibrahima Konaté,DEFENSORES
Francia,Jules Koundé,DEFENSORES
Francia,Maxence Lacroix,DEFENSORES
Francia,William Saliba,DEFENSORES
Francia,Dayot Upamecano,DEFENSORES
Francia,N’Golo Kanté,VOLANTES
Francia,Manu Koné,VOLANTES
Francia,Adrien Rabiot,VOLANTES
Francia,Aurélien Tchouaméni,VOLANTES
Francia,Warren Zaïre-Emery,VOLANTES
Francia,Rayan Cherki,VOLANTES
Francia,Maghnes Akliouche,DELANTEROS
Francia,Bradley Barcola,DELANTEROS
Francia,Ousmane Dembélé,DELANTEROS
Francia,Désiré Doué,DELANTEROS
Francia,Jean-Philippe Mateta,DELANTEROS
Francia,Kylian Mbappé,DELANTEROS
Francia,Michael Olise,DELANTEROS
Francia,Marcus Thuram,DELANTEROS
Senegal,Édouard Mendy,ARQUEROS
Senegal,Mory Diaw,ARQUEROS
Senegal,Yehvann Diouf,ARQUEROS
Senegal,Antoine Mendy,DEFENSORES
Senegal,Kalidou Koulibaly,DEFENSORES
Senegal,El Hadji Malick Diouf,DEFENSORES
Senegal,Mamadou Sarr,DEFENSORES
Senegal,Moussa Niakhaté,DEFENSORES
Senegal,Abdoulaye Seck,DEFENSORES
Senegal,Ismail Jakobs,DEFENSORES
Senegal,Kreppin Diatta,DEFENSORES
Senegal,Idrissa Gueye,VOLANTES
Senegal,Pape Gueye,VOLANTES
Senegal,Lamine Camara,VOLANTES
Senegal,Habib Diarra,VOLANTES
Senegal,Pathé Ciss,VOLANTES
Senegal,Bara Sapoko Ndiaye,VOLANTES
Senegal,Pape Matar Sarr,VOLANTES
Senegal,Sadio Mané,DELANTEROS
Senegal,Ismaila Sarr,DELANTEROS
Senegal,Ibrahim Mbaye,DELANTEROS
Senegal,Assane Diao,DELANTEROS
Senegal,Iliman Ndiaye,DELANTEROS
Senegal,Nicolas Jackson,DELANTEROS
Senegal,Bamba Dieng,DELANTEROS
Senegal,Cherif Ndiaye,DELANTEROS
Noruega,Orjan Haskjold Nyland,ARQUEROS
Noruega,Egil Selvik,ARQUEROS
Noruega,Sander Tangvik,ARQUEROS
Noruega,Kristoffer Vassbakk Ajer,DEFENSORES
Noruega,Fredrik Bjorkan,DEFENSORES
Noruega,Henrik Falchener,DEFENSORES
Noruega,Sondre Langas,DEFENSORES
Noruega,Torbjorn Heggem,DEFENSORES
Noruega,Marcus Holmgren Pedersen,DEFENSORES
Noruega,Julian Ryerson,DEFENSORES
Noruega,David Moller Wolfe,DEFENSORES
Noruega,Leo Ostigard,DEFENSORES
Noruega,Thelonious Aasgaard,VOLANTES
Noruega,Fredrik Aursnes,VOLANTES
Noruega,Patrick Berg,VOLANTES
Noruega,Sander Berge,VOLANTES
Noruega,Oscar Bobb,VOLANTES
Noruega,Jens Petter Hauge,VOLANTES
Noruega,Antonio Nusa,VOLANTES
Noruega,Andreas Schjelderup,VOLANTES
Noruega,Morten Thorsby,VOLANTES
Noruega,Kristian Thorstvedt,VOLANTES
Noruega,Martin Odegaard,VOLANTES
Noruega,Erling Haaland,DELANTEROS
Noruega,Jorgen Strand Larsen,DELANTEROS
Noruega,Alexander Sorloth,DELANTEROS
Irak,Fahad Talib,ARQUEROS
Irak,Jalal Hassan,ARQUEROS
Irak,Ahmed Basil Fadhil,ARQUEROS
Irak,Hussein Ali,DEFENSORES
Irak,Manaf Younis,DEFENSORES
Irak,Zaid Tahseen,DEFENSORES
Irak,Rebin Sulaka,DEFENSORES
Irak,Frans Dhia Putros,DEFENSORES
Irak,Akam Hashem,DEFENSORES
Irak,Merchas Doski,DEFENSORES
Irak,Ahmed Yahya,DEFENSORES
Irak,Zaid Ismail,VOLANTES
Irak,Amir Al-Ammari,VOLANTES
Irak,Kevin Yakob,VOLANTES
Irak,Zidane Iqbal,VOLANTES
Irak,Aimar Sher,VOLANTES
Irak,Mustafa Saadoon,VOLANTES
Irak,Youssef Amyn,VOLANTES
Irak,Ibrahim Bayesh,VOLANTES
Irak,Ahmed Qasem,VOLANTES
Irak,Ali Jasim,VOLANTES
Irak,Marko Farji,DELANTEROS
Irak,Ali Al-Hamadi,DELANTEROS
Irak,Ali Yousif,DELANTEROS
Irak,Aymen Hussein,DELANTEROS
Irak,Mohanad Ali,DELANTEROS
Argentina,Emiliano Martínez,ARQUEROS
Argentina,Gerónimo Rulli,ARQUEROS
Argentina,Juan Musso,ARQUEROS
Argentina,Gonzalo Montiel,DEFENSORES
Argentina,Nahuel Molina,DEFENSORES
Argentina,Nicolás Otamendi,DEFENSORES
Argentina,Cristian Romero,DEFENSORES
Argentina,Leonardo Balerdi,DEFENSORES
Argentina,Lisandro Martínez,DEFENSORES
Argentina,Nicolás Tagliafico,DEFENSORES
Argentina,Facundo Medina,DEFENSORES
Argentina,Valentín Barco,DEFENSORES
Argentina,Giovani Lo Celso,VOLANTES
Argentina,Nico Paz,VOLANTES
Argentina,Enzo Fernández,VOLANTES
Argentina,Leandro Paredes,VOLANTES
Argentina,Alexis Mac Allister,VOLANTES
Argentina,Rodrigo De Paul,VOLANTES
Argentina,Exequiel Palacios,VOLANTES
Argentina,Nicolás González,VOLANTES
Argentina,Giuliano Simeone,VOLANTES
Argentina,Thiago Almada,VOLANTES
Argentina,Lionel Messi,DELANTEROS
Argentina,Julián Álvarez,DELANTEROS
Argentina,Lautaro Martínez,DELANTEROS
Argentina,José López,DELANTEROS
Austria,Patrick Pentz,ARQUEROS
Austria,Alexander Schlager,ARQUEROS
Austria,Florian Wiegele,ARQUEROS
Austria,David Affengruber,DEFENSORES
Austria,David Alaba,DEFENSORES
Austria,Kevin Danso,DEFENSORES
Austria,Marco Friedl,DEFENSORES
Austria,Philipp Lienhart,DEFENSORES
Austria,Phillipp Mwene,DEFENSORES
Austria,Stefan Posch,DEFENSORES
Austria,Alexander Prass,DEFENSORES
Austria,Michael Svoboda,DEFENSORES
Austria,Christoph Baumgartner,VOLANTES
Austria,Carney Chukwuemeka,VOLANTES
Austria,Florian Grillitsch,VOLANTES
Austria,Konrad Laimer,VOLANTES
Austria,Marcel Sabitzer,VOLANTES
Austria,Xaver Schlager,VOLANTES
Austria,Romano Schmid,VOLANTES
Austria,Alessandro Schöpf,VOLANTES
Austria,Nicolas Seiwald,VOLANTES
Austria,Paul Wanner,VOLANTES
Austria,Patrick Wimmer,VOLANTES
Austria,Marko Arnautovic,DELANTEROS
Austria,Michael Gregoritsch,DELANTEROS
Austria,Sasa Kalajdzic,DELANTEROS
Argelia,Luca Zidane,ARQUEROS
Argelia,Oussama Benbot,ARQUEROS
Argelia,Melvin Mastil,ARQUEROS
Argelia,Abdelatif Ramdane,ARQUEROS
Argelia,Rafik Belghali,DEFENSORES
Argelia,Samir Chergui,DEFENSORES
Argelia,Rayan Aït-Nouri,DEFENSORES
Argelia,Jaouen Hadjam,DEFENSORES
Argelia,Aïssa Mandi,DEFENSORES
Argelia,Ramy Bensebaini,DEFENSORES
Argelia,Zineddine Belaïd,DEFENSORES
Argelia,Achref Abada,DEFENSORES
Argelia,Mohamed Amine Tougai,DEFENSORES
Argelia,Nabil Bentaleb,VOLANTES
Argelia,Hicham Boudaoui,VOLANTES
Argelia,Houssem Aouar,VOLANTES
Argelia,Farès Chaïbi,VOLANTES
Argelia,Ibrahim Maza,VOLANTES
Argelia,Yacine Titraoui,VOLANTES
Argelia,Ramiz Zerrouki,VOLANTES
Argelia,Mohamed Amoura,DELANTEROS
Argelia,Nadhir Benbouali,DELANTEROS
Argelia,Adil Boulbina,DELANTEROS
Argelia,Farès Ghedjemis,DELANTEROS
Argelia,Amine Gouiri,DELANTEROS
Argelia,Anis Hadj Moussa,DELANTEROS
Argelia,Riyad Mahrez,DELANTEROS
Jordania,Yazid Abulaila,ARQUEROS
Jordania,Abdallah Al Fakhouri,ARQUEROS
Jordania,Noureddin Bani Attiah,ARQUEROS
Jordania,Mohammad Abualnadi (Selangor FC,DEFENSORES
Jordania,Malasia),DEFENSORES
Jordania,Husam Abu Dahab,DEFENSORES
Jordania,Mohannad Abu Taha (Al-Orobah FC,DEFENSORES
Jordania,Arabia Saudita),DEFENSORES
Jordania,Yazan Al Arab (FC Seoul,DEFENSORES
Jordania,Corea del Sur),DEFENSORES
Jordania,Saed Al Rosan,DEFENSORES
Jordania,Anas Badawi,DEFENSORES
Jordania,Abdallah Nasib,DEFENSORES
Jordania,Ihsan Haddad,DEFENSORES
Jordania,Saleem Obaid,DEFENSORES
Jordania,Mohammad Taha,DEFENSORES
Jordania,Mohammad Al Dawoud,VOLANTES
Jordania,Nizar Al Rashdan,VOLANTES
Jordania,Noor Al Rawabdeh (Selangor FC,VOLANTES
Jordania,Malasia),VOLANTES
Jordania,Rajaei Ayed,VOLANTES
Jordania,Amer Jamous,VOLANTES
Jordania,Yousef Qashi e Ibrahim Sadeh (Al-Karma,VOLANTES
Jordania,Iraq),VOLANTES
Jordania,Mohammad Abu Zraiq (Raja Casablanca,DELANTEROS
Jordania,Marruecos),DELANTEROS
Jordania,Mousa Al Tamari (Stade de Rennes,DELANTEROS
Jordania,Francia),DELANTEROS
Jordania,Ali Azaizeh (Al-Shabab,DELANTEROS
Jordania,Arabia Saudita),DELANTEROS
Jordania,Odeh Fakhoury,DELANTEROS
Jordania,Ali Olwan e Ibrahim Sabra (NK Lokomotiva,DELANTEROS
Jordania,Croacia),DELANTEROS
Portugal,Diogo Costa,ARQUEROS
Portugal,José Sá,ARQUEROS
Portugal,Rui Silva,ARQUEROS
Portugal,Ricardo Velho,ARQUEROS
Portugal,Diogo Dalot,DEFENSORES
Portugal,Nélson Semedo,DEFENSORES
Portugal,Joao Cancelo,DEFENSORES
Portugal,Nuno Mendes,DEFENSORES
Portugal,Goncalo Inácio,DEFENSORES
Portugal,Renato Veiga,DEFENSORES
Portugal,Rúben Dias,DEFENSORES
Portugal,Tomás Araújo,DEFENSORES
Portugal,Rúben Neves,VOLANTES
Portugal,Matheus Nunes,VOLANTES
Portugal,Samú Costa,VOLANTES
Portugal,Joao Neves,VOLANTES
Portugal,Vitinha,VOLANTES
Portugal,Bruno Fernandes,VOLANTES
Portugal,Bernardo Silva,VOLANTES
Portugal,João Félix,DELANTEROS
Portugal,Francisco Trincao,DELANTEROS
Portugal,Francisco Conceicao,DELANTEROS
Portugal,Pedro Neto,DELANTEROS
Portugal,Rafael Leao,DELANTEROS
Portugal,Goncalo Guedes,DELANTEROS
Portugal,Goncalo Ramos,DELANTEROS
Portugal,Cristiano Ronaldo,DELANTEROS
Colombia,Camilo Vargas,ARQUEROS
Colombia,David Ospina,ARQUEROS
Colombia,Álvaro Montero,ARQUEROS
Colombia,Daniel Muñoz,DEFENSORES
Colombia,Santiago Arias,DEFENSORES
Colombia,Yerry Mina,DEFENSORES
Colombia,Davinson Sánchez,DEFENSORES
Colombia,Jhon Lucumí,DEFENSORES
Colombia,Willer Ditta,DEFENSORES
Colombia,Yohan Mojica,DEFENSORES
Colombia,Déiver Machado,DEFENSORES
Colombia,Richard Ríos,VOLANTES
Colombia,Jefferson Lerma,VOLANTES
Colombia,Gustavo Puerta,VOLANTES
Colombia,Kevin Castaño,VOLANTES
Colombia,Jhon Arias,VOLANTES
Colombia,James Rodríguez,VOLANTES
Colombia,Juan Fernando Quintero,VOLANTES
Colombia,Jorge Carrascal,VOLANTES
Colombia,Juan Camilo Portilla,VOLANTES
Colombia,Luis Díaz,DELANTEROS
Colombia,Luis Suárez,DELANTEROS
Colombia,Carlos Gómez,DELANTEROS
Colombia,Jaminton Campaz,DELANTEROS
Colombia,Jhon Córdoba,DELANTEROS
Colombia,Juan Camilo Hernández,DELANTEROS
República Democrática Del Congo,Lionel Mpasi,ARQUEROS
República Democrática Del Congo,Timothy Fayulu,ARQUEROS
República Democrática Del Congo,Mattieu Epolo,ARQUEROS
República Democrática Del Congo,Chancel Mbemba,DEFENSORES
República Democrática Del Congo,Axel Tuanzebe,DEFENSORES
República Democrática Del Congo,Aaron Tshibola,DEFENSORES
República Democrática Del Congo,Steve Kapuadi,DEFENSORES
República Democrática Del Congo,Dylan Batubinsika,DEFENSORES
República Democrática Del Congo,Aaron Wan-Bissaka,DEFENSORES
República Democrática Del Congo,Gédéon Kalulu,DEFENSORES
República Democrática Del Congo,Arthur Masuaku,DEFENSORES
República Democrática Del Congo,Joris Kayembe,DEFENSORES
República Democrática Del Congo,Noah Sadiki,VOLANTES
República Democrática Del Congo,Charles Pickel,VOLANTES
República Democrática Del Congo,Samuel Moutussamy,VOLANTES
República Democrática Del Congo,Ngal’ayel Mukau,VOLANTES
República Democrática Del Congo,Edo Kayembe,VOLANTES
República Democrática Del Congo,Nathanael Mbuku,VOLANTES
República Democrática Del Congo,Brian Cipenga,VOLANTES
República Democrática Del Congo,Gaël Kakuta,VOLANTES
República Democrática Del Congo,Meschack Elía,VOLANTES
República Democrática Del Congo,Théo Bongonda,VOLANTES
República Democrática Del Congo,Cédric Bakambu,DELANTEROS
República Democrática Del Congo,Yoane Wissa,DELANTEROS
República Democrática Del Congo,Fiston Kalala Mayele,DELANTEROS
República Democrática Del Congo,Simon Banza,DELANTEROS
Uzbekistán,Utkir Yusupov,ARQUEROS
Uzbekistán,Botirali Ergashev,ARQUEROS
Uzbekistán,Abduvokhid Nematov,ARQUEROS
Uzbekistán,Abdukodir Khusanov,DEFENSORES
Uzbekistán,Khozhiakbar Alizhonov,DEFENSORES
Uzbekistán,Farrukh Sayfiev,DEFENSORES
Uzbekistán,Rustam Ashurmatov,DEFENSORES
Uzbekistán,Sherzod Nasrullaev,DEFENSORES
Uzbekistán,Umar Eshmurodov,DEFENSORES
Uzbekistán,Avazbek Ulmasaliev,DEFENSORES
Uzbekistán,Jakhongir Urozov,DEFENSORES
Uzbekistán,Bekhruz Karimov,DEFENSORES
Uzbekistán,Abdulla Abdullaev,DEFENSORES
Uzbekistán,Akmal Mozgovoy,VOLANTES
Uzbekistán,Otabek Shukurov,VOLANTES
Uzbekistán,Jamshid Iskanderov,VOLANTES
Uzbekistán,Odildzhon Khamrobekov,VOLANTES
Uzbekistán,Jaloliddin Masharipov,VOLANTES
Uzbekistán,Aziz Ganiev,VOLANTES
Uzbekistán,Sherzod Esanov,VOLANTES
Uzbekistán,Abbosbek Fayzullaev,VOLANTES
Uzbekistán,Eldor Shomurodov,DELANTEROS
Uzbekistán,Igor Sergeev,DELANTEROS
Uzbekistán,Azizbek Amanov,DELANTEROS
Uzbekistán,Oston Urunov,DELANTEROS
Uzbekistán,Dostonbek Khamdamov,DELANTEROS
Inglaterra,Jordan Pickford,ARQUEROS
Inglaterra,Dean Henderson,ARQUEROS
Inglaterra,James Trafford,ARQUEROS
Inglaterra,Reece James,DEFENSORES
Inglaterra,Tino Livramento,DEFENSORES
Inglaterra,Marc Guéhi,DEFENSORES
Inglaterra,Ezri Konsa,DEFENSORES
Inglaterra,John Stones,DEFENSORES
Inglaterra,Jarell Quansah,DEFENSORES
Inglaterra,Nico O’Reilly,DEFENSORES
Inglaterra,Dan Burn,DEFENSORES
Inglaterra,Djed Spence,DEFENSORES
Inglaterra,Declan Rice,VOLANTES
Inglaterra,Elliot Anderson,VOLANTES
Inglaterra,Jude Bellingham,VOLANTES
Inglaterra,Jordan Henderson,VOLANTES
Inglaterra,Morgan Rogers,VOLANTES
Inglaterra,Kobbie Mainoo,VOLANTES
Inglaterra,Harry Kane,DELANTEROS
Inglaterra,Ivan Toney,DELANTEROS
Inglaterra,Ollie Watkins,DELANTEROS
Inglaterra,Bukayo Saka,DELANTEROS
Inglaterra,Noni Madueke,DELANTEROS
Inglaterra,Marcus Rashford,DELANTEROS
Inglaterra,Anthony Gordon,DELANTEROS
Inglaterra,Eberechi Eze,DELANTEROS
Croacia,Dominik Livakovic,ARQUEROS
Croacia,Dominik Kotarski e Ivor Pandur,ARQUEROS
Croacia,Josko Gvardiol,DEFENSORES
Croacia,Duje Caleta-Car,DEFENSORES
Croacia,Josip Sutalo,DEFENSORES
Croacia,Josip Stanisic,DEFENSORES
Croacia,Marin Pongračić,DEFENSORES
Croacia,Martin Erlic,DEFENSORES
Croacia,Luka Vuskovic,DEFENSORES
Croacia,Luka Modric,VOLANTES
Croacia,Mateo Kovacic,VOLANTES
Croacia,Mario Pasalic,VOLANTES
Croacia,Nikola Vlasic,VOLANTES
Croacia,Luka Sucic,VOLANTES
Croacia,Martin Baturina,VOLANTES
Croacia,Kristijan Jakic,VOLANTES
Croacia,Petar Sucic,VOLANTES
Croacia,Nikola Moro,VOLANTES
Croacia,Toni Fruk,VOLANTES
Croacia,Ivan Perisic,DELANTEROS
Croacia,Andrej Kramaric,DELANTEROS
Croacia,Ante Budimir,DELANTEROS
Croacia,Marco Pasalic,DELANTEROS
Croacia,Petar Musa,DELANTEROS
Croacia,Igor Matanovic,DELANTEROS
Panamá,Orlando Mosquera,ARQUEROS
Panamá,Luis Mejía,ARQUEROS
Panamá,César Samudio,ARQUEROS
Panamá,César Blackman,DEFENSORES
Panamá,Jorge Gutiérrez,DEFENSORES
Panamá,Amir Murillo,DEFENSORES
Panamá,Fidel Escobar,DEFENSORES
Panamá,Andrés Andrade,DEFENSORES
Panamá,Edgardo Fariña,DEFENSORES
Panamá,José Córdoba,DEFENSORES
Panamá,Eric Davis,DEFENSORES
Panamá,Jiovani Ramos,DEFENSORES
Panamá,Roderick Miller,DEFENSORES
Panamá,Aníbal Godoy,VOLANTES
Panamá,Adalberto Carrasquilla,VOLANTES
Panamá,Carlos Harvey,VOLANTES
Panamá,Cristian Martínez,VOLANTES
Panamá,José Luis Rodríguez,VOLANTES
Panamá,César Yanis,VOLANTES
Panamá,Yoel Bárcenas,VOLANTES
Panamá,Alberto Quintero,VOLANTES
Panamá,Azarías Londoño,VOLANTES
Panamá,Ismael Díaz,DELANTEROS
Panamá,Cecilio Waterman,DELANTEROS
Panamá,José Fajardo,DELANTEROS
Panamá,Tomás Rodríguez,DELANTEROS
Ghana,Benjamin Asare,ARQUEROS
Ghana,Lawrence Ati-Zigi,ARQUEROS
Ghana,Joseph Anang,ARQUEROS
Ghana,Baba Rahman,DEFENSORES
Ghana,Gideon Mensah,DEFENSORES
Ghana,Marvin Senaya,DEFENSORES
Ghana,Alidu Seidu,DEFENSORES
Ghana,Abdul Mumin,DEFENSORES
Ghana,Jerome Opoku,DEFENSORES
Ghana,Jonas Adjetey,DEFENSORES
Ghana,Kojo Peprah,DEFENSORES
Ghana,Derrick Luckassen,DEFENSORES
Ghana,Elisha Owusu,VOLANTES
Ghana,Thomas Partey,VOLANTES
Ghana,Kwasi Sibo,VOLANTES
Ghana,Augustine Boakye,VOLANTES
Ghana,Caleb Yirenkyi,VOLANTES
Ghana,Abdul Fatawu,VOLANTES
Ghana,Kamaldeen Sulemana,DELANTEROS
Ghana,Ernest Nuamah,DELANTEROS
Ghana,Antoine Semenyo,DELANTEROS
Ghana,Christopher Bonsu Baah,DELANTEROS
Ghana,Brandon Thomas-Asante,DELANTEROS
Ghana,Iñaki Williams,DELANTEROS
Ghana,Jordan Ayew,DELANTEROS
Ghana,Prince Adu,DELANTEROS
